Subject,Cat #,Section,Code,Instructor
ACBS,160D1,3,ACBS 160D1 3,"Steklis,Horst D"
ACBS,160D1,3,ACBS 160D1 3,"Steklis,Netzin G"
ACBS,160D1,403,ACBS 160D1 403,"Steklis,Horst D"
ACBS,160D1,403,ACBS 160D1 403,"Steklis,Netzin G"
ACBS,301,102,ACBS 301 102,"Broneck,Katherine Louise"
ACBS,301,402,ACBS 301 402,"Broneck,Katherine Louise"
ACBS,320,101,ACBS 320 101,"Engeljohn,Daniel L"
ACBS,320,401,ACBS 320 401,"Engeljohn,Daniel L"
ACBS,380R,101,ACBS 380R 101,"Cooper,Margarethe A"
ACBS,380R,401,ACBS 380R 401,"Cooper,Margarethe A"
ACBS,437,101,ACBS 437 101,"Engeljohn,Daniel L"
ACBS,437,401,ACBS 437 401,"Engeljohn,Daniel L"
ACBS,447,101,ACBS 447 101,"Broneck,Katherine Louise"
ACBS,447,401,ACBS 447 401,"Broneck,Katherine Louise"
ACBS,527R,102,ACBS 527R 102,"Orbach,Marc Joel"
ACBS,527R,401,ACBS 527R 401,"Orbach,Marc Joel"
AED,150A1,101,AED 150A1 101,"Kaczowka,Angela"
AED,150A1,401,AED 150A1 401,"Kaczowka,Angela"
AED,210,101,AED 210 101,"Kaczowka,Angela"
AED,210,401,AED 210 401,"Kaczowka,Angela"
AFAS,160A1,101,AFAS 160A1 101,"Machibya,Telesphory R"
AFAS,160A1,102,AFAS 160A1 102,"Ijagbemi,Bayo"
AFAS,160A1,401,AFAS 160A1 401,"Machibya,Telesphory R"
AFAS,160A1,402,AFAS 160A1 402,"Ijagbemi,Bayo"
AFAS,200,101,AFAS 200 101,"Donahue,Jennifer Lynn"
AFAS,200,401,AFAS 200 401,"Donahue,Jennifer Lynn"
AFAS,208,101,AFAS 208 101,"Lawrance,Benjamin N"
AFAS,208,401,AFAS 208 401,"Lawrance,Benjamin N"
AFAS,220,102,AFAS 220 102,"Machibya,Telesphory R"
AFAS,220,402,AFAS 220 402,"Machibya,Telesphory R"
AFAS,223,101,AFAS 223 101,"Machibya,Telesphory R"
AFAS,223,401,AFAS 223 401,"Machibya,Telesphory R"
AFAS,224,101,AFAS 224 101,"Pierce,Mary L"
AFAS,224,401,AFAS 224 401,"Pierce,Mary L"
AFAS,302,101,AFAS 302 101,"Ijagbemi,Bayo"
AFAS,302,401,AFAS 302 401,"Ijagbemi,Bayo"
AFAS,304B,101,AFAS 304B 101,"Machibya,Telesphory R"
AFAS,304B,401,AFAS 304B 401,"Machibya,Telesphory R"
AFAS,342,101,AFAS 342 101,"Abana,Yuxuf A"
AFAS,342,102,AFAS 342 102,"Abana,Yuxuf A"
AFAS,342,401,AFAS 342 401,"Abana,Yuxuf A"
AFAS,342,402,AFAS 342 402,"Abana,Yuxuf A"
AFAS,376,101,AFAS 376 101,"Abana,Yuxuf A"
AFAS,376,102,AFAS 376 102,"Abana,Yuxuf A"
AFAS,376,401,AFAS 376 401,"Abana,Yuxuf A"
AFAS,376,402,AFAS 376 402,"Abana,Yuxuf A"
AFAS,400,101,AFAS 400 101,"Zenenga,Praise"
AFAS,400,401,AFAS 400 401,"Zenenga,Praise"
AFAS,436,101,AFAS 436 101,"Hemphill,Katie"
AFAS,436,401,AFAS 436 401,"Hemphill,Katie"
AGTM,120,101,AGTM 120 101,"Jondall,Dava R"
AGTM,120,101,AGTM 120 101,"Yitayew,Muluneh"
AGTM,120,401,AGTM 120 401,"Jondall,Dava R"
AGTM,120,401,AGTM 120 401,"Yitayew,Muluneh"
AIS,210,101,AIS 210 101,"De Lima Silva,Wilson"
AIS,210,102,AIS 210 102,"De Lima Silva,Wilson"
ALC,309,401,ALC 309 401,"Schroer,Daniel"
ALC,309,401,ALC 309 401,"Schroer,Daniel"
ANTH,150A1,101,ANTH 150A1 101,-
ANTH,150A1,401,ANTH 150A1 401,-
ANTH,150B1,101,ANTH 150B1 101,-
ANTH,150B1,401,ANTH 150B1 401,-
ANTH,150C1,101,ANTH 150C1 101,-
ANTH,150C1,101A,ANTH 150C1 101A,-
ANTH,150C1,401,ANTH 150C1 401,-
ANTH,150C1,401A,ANTH 150C1 401A,-
ANTH,160A1,101,ANTH 160A1 101,"Romano,David Gilman"
ANTH,160A1,401,ANTH 160A1 401,"Romano,David Gilman"
ANTH,200,101,ANTH 200 101,-
ANTH,200,401,ANTH 200 401,-
ANTH,235,101,ANTH 235 101,-
ANTH,235,401,ANTH 235 401,-
ANTH,261,101,ANTH 261 101,"Eadie,Elizabeth C"
ANTH,261,102,ANTH 261 102,"Eadie,Elizabeth C"
ANTH,261,401,ANTH 261 401,"Eadie,Elizabeth C"
ANTH,261,402,ANTH 261 402,"Eadie,Elizabeth C"
ANTH,307,101,ANTH 307 101,-
ANTH,307,401,ANTH 307 401,-
ANTH,342,101,ANTH 342 101,-
ANTH,342,401,ANTH 342 401,-
ANTH,353,101,ANTH 353 101,-
ANTH,353,401,ANTH 353 401,-
ANTH,358,101,ANTH 358 101,-
ANTH,358,401,ANTH 358 401,-
ANTH,364,101,ANTH 364 101,-
ANTH,364,401,ANTH 364 401,-
ARC,101A,101,ARC 101A 101,-
ARC,101A,401,ARC 101A 401,-
ARC,101B,101,ARC 101B 101,-
ARC,101B,401,ARC 101B 401,-
ARC,131A,101,ARC 131A 101,"Hoffman,Daniel"
ARC,131A,401,ARC 131A 401,"Hoffman,Daniel"
ARC,131B,101,ARC 131B 101,"Hoffman,Daniel"
ARC,131B,401,ARC 131B 401,"Hoffman,Daniel"
ARC,160C1,101,ARC 160C1 101,"Simone,Ashley E"
ARC,160C1,401,ARC 160C1 401,"Simone,Ashley E"
ARC,160D1,101,ARC 160D1 101,"Lotze,Wendy Rae"
ARC,160D1,401,ARC 160D1 401,"Lotze,Wendy Rae"
ARC,461K,101,ARC 461K 101,"Youssef,Omar Magdy"
ARC,461K,401,ARC 461K 401,"Youssef,Omar Magdy"
ARC,461L,101,ARC 461L 101,"Youssef,Omar Magdy"
ARC,461L,401,ARC 461L 401,"Youssef,Omar Magdy"
ARH,370,1,ARH 370 1,"Busbea,Larry D"
ARH,370,1,ARH 370 1,"Pinedo,Wilma G"
ARH,370,401,ARH 370 401,"Busbea,Larry D"
ARH,370,401,ARH 370 401,"Pinedo,Wilma G"
ASTR,528,101,ASTR 528 101,"Hart,Michael"
ASTR,528,401,ASTR 528 401,"Hart,Michael"
ASTR,528,401,ASTR 528 401,"Loebig,Lindsay E"
ASTR,528,401,ASTR 528 401,"Robertson,Cindy L"
ASTR,528,401,ASTR 528 401,"Rodriguez Jr,Mark A"
ATMO,336,102,ATMO 336 102,"Romero,Guadalupe V"
ATMO,336,102,ATMO 336 102,"Ward,Dale M"
ATMO,336,401,ATMO 336 401,"Romero,Guadalupe V"
ATMO,336,401,ATMO 336 401,"Ward,Dale M"
ATMO,441A,101,ATMO 441A 101,"Ciancarelli,Brittany L"
ATMO,441A,101,ATMO 441A 101,"Zeng,Xubin"
ATMO,441A,401,ATMO 441A 401,"Ciancarelli,Brittany L"
ATMO,441A,401,ATMO 441A 401,"Zeng,Xubin"
BE,120,101,BE 120 101,"Jondall,Dava R"
BE,120,101,BE 120 101,"Yitayew,Muluneh"
BE,120,401,BE 120 401,"Jondall,Dava R"
BE,120,401,BE 120 401,"Yitayew,Muluneh"
BE,170A1,101,BE 170A1 101,"Jondall,Dava R"
BE,170A1,101,BE 170A1 101,"Poe,Stephen E"
BE,170A1,102,BE 170A1 102,"Jondall,Dava R"
BE,170A1,102,BE 170A1 102,"Poe,Stephen E"
BE,170A1,401,BE 170A1 401,"Jondall,Dava R"
BE,170A1,401,BE 170A1 401,"Poe,Stephen E"
BE,170A2,101,BE 170A2 101,"Jondall,Dava R"
BE,170A2,101,BE 170A2 101,"Waller,Peter M"
BE,170A2,401,BE 170A2 401,"Jondall,Dava R"
BE,170A2,401,BE 170A2 401,"Waller,Peter M"
BE,217,101,BE 217 101,"Tollefson,Stacy Joy"
BE,217,401,BE 217 401,"Tollefson,Stacy Joy"
BE,284,101,BE 284 101,"Kacira,Murat"
BE,284,401,BE 284 401,"Kacira,Murat"
BE,413,101,BE 413 101,"An,Lingling"
BE,413,401,BE 413 401,"An,Lingling"
BE,455,101,BE 455 101,"Jondall,Dava R"
BE,455,101,BE 455 101,"Tamimi,Akrum H"
BE,455,401,BE 455 401,"Jondall,Dava R"
BE,455,401,BE 455 401,"Tamimi,Akrum H"
BE,483,101,BE 483 101,"Giacomelli,Gene A"
BE,483,401,BE 483 401,"Giacomelli,Gene A"
BE,513,101,BE 513 101,"An,Lingling"
BE,513,401,BE 513 401,"An,Lingling"
BE,555,101,BE 555 101,"Jondall,Dava R"
BE,555,101,BE 555 101,"Tamimi,Akrum H"
BE,555,401,BE 555 401,"Jondall,Dava R"
BE,555,401,BE 555 401,"Tamimi,Akrum H"
BE,583,101,BE 583 101,"Giacomelli,Gene A"
BE,583,401,BE 583 401,"Giacomelli,Gene A"
BE,696A,101,BE 696A 101,"Didan,Kamel"
BE,696A,401,BE 696A 401,"Didan,Kamel"
BE,696B,101,BE 696B 101,"Didan,Kamel"
BE,696B,401,BE 696B 401,"Didan,Kamel"
CHN,476,101,CHN 476 101,"Lanza,Fabio"
CHN,476,401,CHN 476 401,"Lanza,Fabio"
CHS,204,102,CHS 204 102,"Laws,Lorre Ann"
CHS,204,401,CHS 204 401,"Laws,Lorre Ann"
CHS,303,102,CHS 303 102,"Brailsford,Jennifer M"
CHS,303,401,CHS 303 401,"Brailsford,Jennifer M"
CHS,306,101,CHS 306 101,"Laws,Lorre Ann"
CHS,306,401,CHS 306 401,"Laws,Lorre Ann"
CHS,350,102,CHS 350 102,"Zeng,Liwen"
CHS,350,401,CHS 350 401,"Zeng,Liwen"
CHS,401,102,CHS 401 102,"Brailsford,Jennifer M"
CHS,401,401,CHS 401 401,"Brailsford,Jennifer M"
CHS,476,102,CHS 476 102,"Andrews,Hannah Reanne"
CHS,476,401,CHS 476 401,"Andrews,Hannah Reanne"
CLAS,205,101,CLAS 205 101,"Bauschatz,John F"
CLAS,205,401,CLAS 205 401,"Bauschatz,John F"
CLAS,472A,101,CLAS 472A 101,"Wastvedt,Bjorn Sether"
CLAS,472A,401,CLAS 472A 401,"Wastvedt,Bjorn Sether"
CMM,527,101,CMM 527 101,"Zavros,Yana"
CMM,527,401,CMM 527 401,"Zavros,Yana"
CMM,528,101,CMM 528 101,"Zavros,Yana"
CMM,528,401,CMM 528 401,"Zavros,Yana"
CMM,529,101,CMM 529 101,"Zavros,Yana"
CMM,529,401,CMM 529 401,"Zavros,Yana"
CMM,533,101,CMM 533 101,"Bear,David G"
CMM,533,401,CMM 533 401,"Bear,David G"
CMM,535,101,CMM 535 101,"Bear,David G"
CMM,535,401,CMM 535 401,"Bear,David G"
CMM,560,101,CMM 560 101,"Gordon,Herman"
CMM,560,401,CMM 560 401,"Gordon,Herman"
COMM,101,101,COMM 101 101,"Carter,Shelby Noelle"
COMM,101,101,COMM 101 101,"Choi,Yunjin"
COMM,101,101,COMM 101 101,"Emmons,William Ware"
COMM,101,101,COMM 101 101,"Farzinpour,Michael John"
COMM,101,101,COMM 101 101,"Laybon,Ashley Kealani"
COMM,101,101,COMM 101 101,"Tusing,Kyle J"
COMM,101,401,COMM 101 401,"Carter,Shelby Noelle"
COMM,101,401,COMM 101 401,"Choi,Yunjin"
COMM,101,401,COMM 101 401,"Emmons,William Ware"
COMM,101,401,COMM 101 401,"Farzinpour,Michael John"
COMM,101,401,COMM 101 401,"Laybon,Ashley Kealani"
COMM,101,401,COMM 101 401,"Tusing,Kyle J"
COMM,201,101,COMM 201 101,"Barbati,Juliana Lucia"
COMM,201,101,COMM 201 101,"Casertano,Carolyn"
COMM,201,401,COMM 201 401,"Barbati,Juliana Lucia"
COMM,201,401,COMM 201 401,"Casertano,Carolyn"
COMM,209,101,COMM 209 101,"Nemcova,Katerina"
COMM,209,101,COMM 209 101,"Rains,Stephen A"
COMM,209,401,COMM 209 401,"Nemcova,Katerina"
COMM,209,401,COMM 209 401,"Rains,Stephen A"
COMM,228,101,COMM 228 101,"Bonito,Joseph A"
COMM,228,101,COMM 228 101,"Choi,Eunjoo"
COMM,228,401,COMM 228 401,"Bonito,Joseph A"
COMM,228,401,COMM 228 401,"Choi,Eunjoo"
COMM,300,101,COMM 300 101,"Floyd,Kory"
COMM,300,101,COMM 300 101,"Gahler,Heather"
COMM,300,101,COMM 300 101,"Gim,Hyeonchang"
COMM,300,401,COMM 300 401,"Floyd,Kory"
COMM,300,401,COMM 300 401,"Gahler,Heather"
COMM,300,401,COMM 300 401,"Gim,Hyeonchang"
COMM,301,101,COMM 301 101,"Dajches,Leah"
COMM,301,401,COMM 301 401,"Dajches,Leah"
COMM,309,101,COMM 309 101,"Gahler,Heather"
COMM,309,101,COMM 309 101,"Stevens Aubrey,Jennifer L"
COMM,309,401,COMM 309 401,"Gahler,Heather"
COMM,309,401,COMM 309 401,"Stevens Aubrey,Jennifer L"
COMM,311,101,COMM 311 101,"Yan,Kun"
COMM,311,401,COMM 311 401,"Yan,Kun"
COMM,318,101,COMM 318 101,"Choi,Eunjoo"
COMM,318,101,COMM 318 101,"Nemcova,Katerina"
COMM,318,101,COMM 318 101,"Rains,Stephen A"
COMM,318,401,COMM 318 401,"Choi,Eunjoo"
COMM,318,401,COMM 318 401,"Nemcova,Katerina"
COMM,318,401,COMM 318 401,"Rains,Stephen A"
COMM,402,101,COMM 402 101,"Harwood,James T"
COMM,402,401,COMM 402 401,"Harwood,James T"
COMM,410,101,COMM 410 101,"Barbati,Juliana Lucia"
COMM,410,101,COMM 410 101,"Kenski,Kate M"
COMM,410,401,COMM 410 401,"Barbati,Juliana Lucia"
COMM,410,401,COMM 410 401,"Kenski,Kate M"
CTE,510,101,CTE 510 101,"Lewis,Matthew Benson"
CTE,510,401,CTE 510 401,"Lewis,Matthew Benson"
CTE,510,401,CTE 510 401,"Lewis,Matthew Benson"
CTE,520,101,CTE 520 101,"Lewis,Matthew Benson"
CTE,520,401,CTE 520 401,"Lewis,Matthew Benson"
CTE,520,401,CTE 520 401,"Lewis,Matthew Benson"
ECOL,170C1,101,ECOL 170C1 101,"Otto,Hans W"
ECOL,170C1,401,ECOL 170C1 401,"Otto,Hans W"
ECOL,170C3,101,ECOL 170C3 101,"Mangin,Katrina L"
ECOL,170C3,101A,ECOL 170C3 101A,"Mangin,Katrina L"
ECOL,170C3,401A,ECOL 170C3 401A,"Mangin,Katrina L"
ECOL,182L,101,ECOL 182L 101,"Ruboyianes,Ryan S"
ECOL,182L,102,ECOL 182L 102,"Ruboyianes,Ryan S"
ECOL,182L,401,ECOL 182L 401,"Ruboyianes,Ryan S"
ECOL,182L,402,ECOL 182L 402,"Ruboyianes,Ryan S"
ECOL,182R,101,ECOL 182R 101,-
ECOL,182R,401,ECOL 182R 401,-
ECOL,220,101,ECOL 220 101,"Hackett,Jeremiah D"
ECOL,220,401,ECOL 220 401,"Hackett,Jeremiah D"
ECOL,223,101,ECOL 223 101,"Celaya,Romeo Brandon"
ECOL,223,401,ECOL 223 401,"Celaya,Romeo Brandon"
EDL,396A,101,EDL 396A 101,"Hill,Jessica C"
EDL,396A,101,EDL 396A 101,"Parkman,Amanda Lee"
EDL,396A,102,EDL 396A 102,"Cantor,Mary Catherine"
EDL,396A,102,EDL 396A 102,"Hill,Jessica C"
EDL,396A,401,EDL 396A 401,"Hill,Jessica C"
EDL,396A,401,EDL 396A 401,"Parkman,Amanda Lee"
EDL,396A,402,EDL 396A 402,"Cantor,Mary Catherine"
EDL,396A,402,EDL 396A 402,"Hill,Jessica C"
EDP,301,101,EDP 301 101,"Pope,Elizabeth J"
EDP,301,102,EDP 301 102,"Pope,Elizabeth J"
EDP,301,401,EDP 301 401,"Pope,Elizabeth J"
EDP,314,101,EDP 314 101,"Marx,Ronald W"
EDP,314,401,EDP 314 401,"Marx,Ronald W"
EDP,410,101,EDP 410 101,"Tullis,Jonathan G"
EDP,410,401,EDP 410 401,"Tullis,Jonathan G"
EHS,375,101,EHS 375 101,"Gabriel,Alejandra"
EHS,375,403,EHS 375 403,"Gabriel,Alejandra"
EHS,425,101,EHS 425 101,"Arora,Mona"
EHS,425,403,EHS 425 403,"Arora,Mona"
EMD,350,1,EMD 350 1,"Gaither,Joshua B"
EMD,350,1,EMD 350 1,"Waters,Kristina E"
EMD,350,401,EMD 350 401,"Gaither,Joshua B"
EMD,350,401,EMD 350 401,"Waters,Kristina E"
EMD,420,1,EMD 420 1,"Gaither,Joshua B"
EMD,420,1,EMD 420 1,"Waters,Kristina E"
EMD,420,401,EMD 420 401,"Gaither,Joshua B"
EMD,420,401,EMD 420 401,"Waters,Kristina E"
EMD,440,1,EMD 440 1,"Leetch,Aaron N"
EMD,440,1,EMD 440 1,"Mendelson,Jenny S"
EMD,440,1,EMD 440 1,"Waters,Kristina E"
EMD,440,401,EMD 440 401,"Leetch,Aaron N"
EMD,440,401,EMD 440 401,"Mendelson,Jenny S"
EMD,440,401,EMD 440 401,"Waters,Kristina E"
ENGL,160D1,110,ENGL 160D1 110,"Abraham,Matthew"
ENGL,160D1,410,ENGL 160D1 410,"Abraham,Matthew"
ENGL,248B,102,ENGL 248B 102,"Bernheimer,Kathryn S"
ENGL,248B,102,ENGL 248B 102,"Bussing,Kimberly Anne"
ENGL,248B,102,ENGL 248B 102,"Davis,Claire E"
ENGL,248B,102,ENGL 248B 102,"Ivanov,Katerina"
ENGL,248B,402,ENGL 248B 402,"Bernheimer,Kathryn S"
ENGL,248B,402,ENGL 248B 402,"Bussing,Kimberly Anne"
ENGL,248B,402,ENGL 248B 402,"Davis,Claire E"
ENGL,248B,402,ENGL 248B 402,"Ivanov,Katerina"
ENGL,280,101,ENGL 280 101,"Zhang,Ruixue"
ENGL,280,401,ENGL 280 401,"Zhang,Ruixue"
ENGL,306,110,ENGL 306 110,-
ENGL,306,410,ENGL 306 410,-
ENGL,308,110,ENGL 308 110,-
ENGL,308,410,ENGL 308 410,-
ENGL,342,101,ENGL 342 101,"Abana,Yuxuf A"
ENGL,342,102,ENGL 342 102,"Abana,Yuxuf A"
ENGL,342,401,ENGL 342 401,"Abana,Yuxuf A"
ENGL,342,402,ENGL 342 402,"Abana,Yuxuf A"
ENGL,414,110,ENGL 414 110,-
ENGL,414,410,ENGL 414 410,-
ENGL,514,110,ENGL 514 110,-
ENGL,514,410,ENGL 514 410,-
ENGL,620,101,ENGL 620 101,"Tardy,Christine"
ENGL,620,401,ENGL 620 401,"Tardy,Christine"
ENTO,468,101,ENTO 468 101,"Li,Xianchun"
ENTO,468,401,ENTO 468 401,"Li,Xianchun"
EPID,309,101,EPID 309 101,"Brown,Heidi E"
EPID,309,403,EPID 309 403,"Brown,Heidi E"
ESOC,210,101,ESOC 210 101,"Seng,Dave E"
ESOC,210,401,ESOC 210 401,"Seng,Dave E"
ESOC,211,101,ESOC 211 101,"Forsythe,Christopher"
ESOC,211,401,ESOC 211 401,"Forsythe,Christopher"
ESOC,212,101,ESOC 212 101,"Lyons,Emily Renee"
ESOC,212,401,ESOC 212 401,"Lyons,Emily Renee"
ESOC,213,101,ESOC 213 101,"Smith,Sean W"
ESOC,213,101,ESOC 213 101,"Smith,Sean W"
ESOC,213,401,ESOC 213 401,"Smith,Sean W"
ESOC,213,401,ESOC 213 401,"Smith,Sean W"
ESOC,300,101,ESOC 300 101,"Gregerman,Debra M"
ESOC,300,101,ESOC 300 101,"Gregerman,Debra M"
ESOC,300,401,ESOC 300 401,"Gregerman,Debra M"
ESOC,300,401,ESOC 300 401,"Gregerman,Debra M"
ESOC,300,401,ESOC 300 401,"Gregerman,Debra M"
ESOC,313,101,ESOC 313 101,"Reynolds,Renee Helen"
ESOC,313,401,ESOC 313 401,"Reynolds,Renee Helen"
ESOC,314,101,ESOC 314 101,"Rushbrook,Dereka A"
ESOC,314,101,ESOC 314 101,"Braitberg,Victor E"
ESOC,314,101,ESOC 314 101,"Abdi,Shadee"
ESOC,314,401,ESOC 314 401,"Rushbrook,Dereka A"
ESOC,314,401,ESOC 314 401,"Abdi,Shadee"
ESOC,314,401,ESOC 314 401,"Braitberg,Victor E"
ESOC,315,101,ESOC 315 101,"Lenhart,Laura R"
ESOC,315,401,ESOC 315 401,"Lenhart,Laura R"
ESOC,317,101,ESOC 317 101,"Lysenko,Volodymyr"
ESOC,317,401,ESOC 317 401,"Lysenko,Volodymyr"
ESOC,318,101,ESOC 318 101,"Smith,Sean W"
ESOC,318,401,ESOC 318 401,"Smith,Sean W"
ESOC,319,101,ESOC 319 101,"Ziska Strange,Kristin"
ESOC,319,101A,ESOC 319 101A,"Ziska Strange,Kristin"
ESOC,319,401,ESOC 319 401,"Ziska Strange,Kristin"
ESOC,319,401A,ESOC 319 401A,"Ziska Strange,Kristin"
ESOC,330,101,ESOC 330 101,"Jenkins,Michael W"
ESOC,330,101,ESOC 330 101,"Jenkins,Michael W"
ESOC,330,201,ESOC 330 201,"Jenkins,Michael W"
ESOC,330,401,ESOC 330 401,"Jenkins,Michael W"
ESOC,330,401,ESOC 330 401,"Jenkins,Michael W"
ESOC,340,101,ESOC 340 101,"Apple,Harrison"
ESOC,340,401,ESOC 340 401,"Apple,Harrison"
EVS,260,101,EVS 260 101,"Decker,Paula"
EVS,260,401,EVS 260 401,"Decker,Paula"
FCM,301,1,FCM 301 1,"Allen,Alicia Marie"
FCM,301,401,FCM 301 401,"Allen,Alicia Marie"
FCM,302,1,FCM 302 1,"Nair,Uma S"
FCM,302,401,FCM 302 401,"Nair,Uma S"
FCM,496A,1,FCM 496A 1,"Allen,Alicia Marie"
FCM,496A,1,FCM 496A 1,"Nair,Uma S"
FCM,496A,401,FCM 496A 401,"Allen,Alicia Marie"
FCM,496A,401,FCM 496A 401,"Nair,Uma S"
FCM,596A,1,FCM 596A 1,"Allen,Alicia Marie"
FCM,596A,1,FCM 596A 1,"Nair,Uma S"
FCM,596A,401,FCM 596A 401,"Allen,Alicia Marie"
FCM,596A,401,FCM 596A 401,"Nair,Uma S"
FCSC,120,101,FCSC 120 101,"Jondall,Dava R"
FCSC,120,101,FCSC 120 101,"Yitayew,Muluneh"
FCSC,120,401,FCSC 120 401,"Jondall,Dava R"
FCSC,120,401,FCSC 120 401,"Yitayew,Muluneh"
FCSC,413A,101,FCSC 413A 101,"Harless,Patrick"
FCSC,413A,401,FCSC 413A 401,"Harless,Patrick"
FCSC,513A,101,FCSC 513A 101,"Harless,Patrick"
FCSC,513A,401,FCSC 513A 401,"Harless,Patrick"
FREN,150B1,101,FREN 150B1 101,"Kaye,Deborah A"
FREN,150B1,101,FREN 150B1 101,"Provencher,Denis Michael"
FREN,150B1,401,FREN 150B1 401,"Kaye,Deborah A"
FREN,150B1,401,FREN 150B1 401,"Provencher,Denis Michael"
FREN,230,101,FREN 230 101,"Coropceanu,Lilia Lacusta"
FREN,230,101,FREN 230 101,"Provencher,Denis Michael"
FREN,230,401,FREN 230 401,"Coropceanu,Lilia Lacusta"
FREN,230,401,FREN 230 401,"Provencher,Denis Michael"
FREN,231,101,FREN 231 101,"Kaye,Deborah A"
FREN,231,101,FREN 231 101,"Provencher,Denis Michael"
FREN,231,102,FREN 231 102,"Kaye,Deborah A"
FREN,231,102,FREN 231 102,"Provencher,Denis Michael"
FREN,231,401,FREN 231 401,"Kaye,Deborah A"
FREN,231,401,FREN 231 401,"Provencher,Denis Michael"
FREN,280,101,FREN 280 101,"Hellmich,Emily Ann Bunker"
FREN,280,101,FREN 280 101,"Provencher,Denis Michael"
FREN,280,401,FREN 280 401,"Hellmich,Emily Ann Bunker"
FREN,280,401,FREN 280 401,"Provencher,Denis Michael"
FSHD,197A,101,FSHD 197A 101,"Collins,Elizabeth Anna"
FSHD,197A,401,FSHD 197A 401,"Collins,Elizabeth Anna"
FSHD,347,101,FSHD 347 101,"Dewey,Caleb Randy"
FSHD,347,401,FSHD 347 401,"Dewey,Caleb Randy"
GEOG,150B2,101,GEOG 150B2 101,"Bloch,Stefano Emanuel"
GEOG,150B2,401,GEOG 150B2 401,"Bloch,Stefano Emanuel"
GEOG,150C1,101,GEOG 150C1 101,"Tarantini,Lara"
GEOG,150C1,401,GEOG 150C1 401,"Tarantini,Lara"
GEOG,170A1,101,GEOG 170A1 101,"Decker,Paula"
GEOG,170A1,401,GEOG 170A1 401,"Decker,Paula"
GEOG,205,101,GEOG 205 101,"Lukinbeal,Christopher L"
GEOG,205,401,GEOG 205 401,"Lukinbeal,Christopher L"
GEOG,222,101,GEOG 222 101,"Jurjevich,Jason R"
GEOG,222,401,GEOG 222 401,"Jurjevich,Jason R"
GEOG,305,101,GEOG 305 101,"Kear,Mark Thomas Fraser"
GEOG,305,401,GEOG 305 401,"Kear,Mark Thomas Fraser"
GEOG,363,101,GEOG 363 101,"Liverman,Diana M"
GEOG,363,401,GEOG 363 401,"Liverman,Diana M"
GEOG,417,101,GEOG 417 101,"Christopherson,Gary"
GEOG,417,101,GEOG 417 101,"Wissler,Craig A"
GEOG,417,401,GEOG 417 401,"Christopherson,Gary"
GEOG,417,401,GEOG 417 401,"Wissler,Craig A"
GEOG,457,101,GEOG 457 101,"Sanchez Trigueros,Fernando"
GEOG,457,401,GEOG 457 401,"Sanchez Trigueros,Fernando"
GEOG,482,101,GEOG 482 101,"Guertin,D Phillip"
GEOG,482,401,GEOG 482 401,"Guertin,D Phillip"
GIST,417,101,GIST 417 101,"Christopherson,Gary"
GIST,417,101,GIST 417 101,"Wissler,Craig A"
GIST,417,401,GIST 417 401,"Christopherson,Gary"
GIST,417,401,GIST 417 401,"Wissler,Craig A"
GIST,457,101,GIST 457 101,"Sanchez Trigueros,Fernando"
GIST,457,401,GIST 457 401,"Sanchez Trigueros,Fernando"
GIST,482,101,GIST 482 101,"Guertin,D Phillip"
GIST,482,401,GIST 482 401,"Guertin,D Phillip"
GWS,160C1,1,GWS 160C1 1,"Croissant,Jennifer L"
GWS,160C1,401,GWS 160C1 401,"Croissant,Jennifer L"
GWS,200,101,GWS 200 101,-
GWS,200,102,GWS 200 102,-
GWS,200,401,GWS 200 401,-
GWS,200,402,GWS 200 402,-
GWS,317,101,GWS 317 101,"Croissant,Jennifer L"
GWS,317,401,GWS 317 401,"Croissant,Jennifer L"
GWS,321,101,GWS 321 101,"Kaye,Deborah A"
GWS,321,401,GWS 321 401,"Kaye,Deborah A"
GWS,342,102,GWS 342 102,"Abana,Yuxuf A"
GWS,342,402,GWS 342 402,"Abana,Yuxuf A"
HIST,150C1,101,HIST 150C1 101,"Pierce,Mary L"
HIST,150C1,401,HIST 150C1 401,"Pierce,Mary L"
HIST,160D1,101,HIST 160D1 101,"Lawrance,Benjamin N"
HIST,160D1,401,HIST 160D1 401,"Lawrance,Benjamin N"
HIST,205,101,HIST 205 101,"Bauschatz,John F"
HIST,205,401,HIST 205 401,"Bauschatz,John F"
HIST,207,101,HIST 207 101,"Milliman,Paul R"
HIST,207,101A,HIST 207 101A,"Milliman,Paul R"
HIST,207,401,HIST 207 401,"Milliman,Paul R"
HIST,207,401A,HIST 207 401A,"Milliman,Paul R"
HIST,207,402,HIST 207 402,"Milliman,Paul R"
HIST,208,101,HIST 208 101,"Lawrance,Benjamin N"
HIST,208,401,HIST 208 401,"Lawrance,Benjamin N"
HIST,214B,101,HIST 214B 101,"Baum,Samuel William"
HIST,214B,401,HIST 214B 401,-
HIST,224,101,HIST 224 101,"Pierce,Mary L"
HIST,224,401,HIST 224 401,"Pierce,Mary L"
HIST,246,101,HIST 246 101,"Vetter,Jeremy A"
HIST,246,401,HIST 246 401,"Vetter,Jeremy A"
HIST,270,101,HIST 270 101,"Lanza,Fabio"
HIST,270,401,HIST 270 401,"Lanza,Fabio"
HIST,271,101,HIST 271 101,"Plummer,Marjorie Elizabeth"
HIST,271,401,HIST 271 401,"Plummer,Marjorie Elizabeth"
HIST,296,101,HIST 296 101,"Beezley,William H"
HIST,296,401,HIST 296 401,"Beezley,William H"
HIST,310,101,HIST 310 101,"Schweig,Alexander"
HIST,310,401,HIST 310 401,"Schweig,Alexander"
HIST,311,101,HIST 311 101,"Oropeza,Ruth A"
HIST,311,401,HIST 311 401,"Oropeza,Ruth A"
HIST,319,101,HIST 319 101,"Small,Rachel Elizabeth Davis"
HIST,319,401,HIST 319 401,"Small,Rachel Elizabeth Davis"
HIST,349,101,HIST 349 101,"Hemphill,Katie"
HIST,349,401,HIST 349 401,"Hemphill,Katie"
HIST,358,101,HIST 358 101,"Morrissey,Katherine G"
HIST,358,401,HIST 358 401,"Morrissey,Katherine G"
HIST,369,101,HIST 369 101,"Beezley,William H"
HIST,369,401,HIST 369 401,"Beezley,William H"
HIST,377,103,HIST 377 103,"Hammer,Leonard M"
HIST,377,403,HIST 377 403,"Hammer,Leonard M"
HIST,400A,101,HIST 400A 101,"Ruffner,Paul Lee"
HIST,400A,401,HIST 400A 401,"Ruffner,Paul Lee"
HIST,405A,101,HIST 405A 101,"Milliman,Paul R"
HIST,405A,401,HIST 405A 401,"Milliman,Paul R"
HIST,436,101,HIST 436 101,"Hemphill,Katie"
HIST,436,401,HIST 436 401,"Hemphill,Katie"
HIST,476,101,HIST 476 101,"Lanza,Fabio"
HIST,476,401,HIST 476 401,"Lanza,Fabio"
HPS,178,101,HPS 178 101,"Brown,Sheena M"
HPS,178,403,HPS 178 403,"Brown,Sheena M"
HPS,200,101,HPS 200 101,"Oguegbu,Adaeze"
HPS,200,403,HPS 200 403,"Oguegbu,Adaeze"
HPS,300,101,HPS 300 101,"Woodson,Lisa Labita"
HPS,300,401,HPS 300 401,"Woodson,Lisa Labita"
HPS,350,101,HPS 350 101,"Girard,Christine Lynn"
HPS,350,403,HPS 350 403,"Girard,Christine Lynn"
HPS,387,101,HPS 387 101,"Moore-Monroy,Martha J"
HPS,387,403,HPS 387 403,"Moore-Monroy,Martha J"
HPS,387,403A,HPS 387 403A,"Moore-Monroy,Martha J"
HPS,405,101,HPS 405 101,"Pottinger,Heidi Lee"
HPS,405,403,HPS 405 403,"Pottinger,Heidi Lee"
HPS,417,101,HPS 417 101,"Magrath,Priscilla Anne"
HPS,417,403,HPS 417 403,"Magrath,Priscilla Anne"
HPS,433,101,HPS 433 101,"Asaolu,Ibitola"
HPS,433,403,HPS 433 403,"Asaolu,Ibitola"
HRTS,500,101,HRTS 500 101,"Simmons,William P"
HRTS,500,401,HRTS 500 401,"Simmons,William P"
HRTS,510,101,HRTS 510 101,"Hammer,Leonard M"
HRTS,510,401,HRTS 510 401,"Hammer,Leonard M"
HRTS,541,101,HRTS 541 101,"Seckinger,Beverly A"
HRTS,541,401,HRTS 541 401,"Seckinger,Beverly A"
HRTS,542,401,HRTS 542 401,"Murphy,Mary Kaitlin M"
HRTS,543,101,HRTS 543 101,"Braitberg,Victor E"
HRTS,543,401,HRTS 543 401,"Braitberg,Victor E"
HRTS,595A,101,HRTS 595A 101,"Taoua,Phyllis"
HRTS,595A,401,HRTS 595A 401,"Taoua,Phyllis"
HRTS,596A,101,HRTS 596A 101,"Brogden,Mette Jean"
HRTS,596A,401,HRTS 596A 401,"Brogden,Mette Jean"
HUMS,376,101,HUMS 376 101,"Abana,Yuxuf A"
HUMS,376,102,HUMS 376 102,"Abana,Yuxuf A"
HUMS,376,401,HUMS 376 401,"Abana,Yuxuf A"
HUMS,376,402,HUMS 376 402,"Abana,Yuxuf A"
INFO,516,101,INFO 516 101,"Bozgeyikli,Evren"
INFO,516,401,INFO 516 401,"Bozgeyikli,Evren"
INFO,533,101,INFO 533 101,"Kramer,Sandra S"
INFO,533,401,INFO 533 401,"Kramer,Sandra S"
INFO,540,101,INFO 540 101,"Loa,C Berlin"
INFO,540,201,INFO 540 201,"Loa,C Berlin"
INFO,565,101,INFO 565 101,-
INFO,565,401,INFO 565 401,-
INFO,570,101,INFO 570 101,"Fulton,Bruce D"
INFO,570,401,INFO 570 401,"Fulton,Bruce D"
INFO,571,101,INFO 571 101,"Rucker,Ryan"
INFO,571,401,INFO 571 401,"Rucker,Ryan"
INFO,575,101,INFO 575 101,"Rucker,Ryan"
INFO,575,401,INFO 575 401,"Rucker,Ryan"
INFO,671,101,INFO 671 101,"Fulton,Bruce D"
INFO,671,401,INFO 671 401,"Fulton,Bruce D"
INFO,672,101,INFO 672 101,"Helmke,Matthew D"
INFO,672,401,INFO 672 401,"Helmke,Matthew D"
ISTA,130,101,ISTA 130 101,"Stueve,Sarah Marie"
ISTA,130,101A,ISTA 130 101A,"Stueve,Sarah Marie"
ISTA,130,101B,ISTA 130 101B,"Stueve,Sarah Marie"
ISTA,130,101C,ISTA 130 101C,"Stueve,Sarah Marie"
ISTA,130,101D,ISTA 130 101D,"Stueve,Sarah Marie"
ISTA,130,101E,ISTA 130 101E,"Stueve,Sarah Marie"
ISTA,130,401,ISTA 130 401,"Stueve,Sarah Marie"
ISTA,130,401A,ISTA 130 401A,"Stueve,Sarah Marie"
ISTA,130,401B,ISTA 130 401B,"Stueve,Sarah Marie"
ISTA,130,401C,ISTA 130 401C,"Stueve,Sarah Marie"
ISTA,130,401D,ISTA 130 401D,"Stueve,Sarah Marie"
ISTA,130,401E,ISTA 130 401E,"Stueve,Sarah Marie"
ISTA,230,101,ISTA 230 101,"Rucker,Ryan"
ISTA,230,101,ISTA 230 101,"Rucker,Ryan"
ISTA,230,401,ISTA 230 401,"Rucker,Ryan"
ISTA,230,401,ISTA 230 401,"Rucker,Ryan"
ISTA,263,110,ISTA 263 110,"Clark,Jaclynn A"
ISTA,263,401,ISTA 263 401,"Clark,Jaclynn A"
ISTA,301,101,ISTA 301 101,"Sherman,David G"
ISTA,301,401,ISTA 301 401,"Sherman,David G"
ISTA,302,101,ISTA 302 101,"Sherman,David G"
ISTA,302,401,ISTA 302 401,"Sherman,David G"
ISTA,321,101,ISTA 321 101,"DiRienzo,Nicholas"
ISTA,321,101A,ISTA 321 101A,"DiRienzo,Nicholas"
ISTA,321,401,ISTA 321 401,"DiRienzo,Nicholas"
ISTA,321,401A,ISTA 321 401A,"DiRienzo,Nicholas"
ISTA,322,101,ISTA 322 101,"DiRienzo,Nicholas"
ISTA,322,401,ISTA 322 401,"DiRienzo,Nicholas"
ISTA,416,101,ISTA 416 101,"Bozgeyikli,Evren"
ISTA,416,401,ISTA 416 401,"Bozgeyikli,Evren"
ITAL,150B1,101,ITAL 150B1 101,"Kaye,Deborah A"
ITAL,150B1,101,ITAL 150B1 101,"Provencher,Denis Michael"
ITAL,150B1,102,ITAL 150B1 102,-
ITAL,150B1,102,ITAL 150B1 102,"Provencher,Denis Michael"
ITAL,160B1,101,ITAL 160B1 101,"Kaye,Deborah A"
ITAL,160B1,101,ITAL 160B1 101,"Provencher,Denis Michael"
ITAL,160B1,401,ITAL 160B1 401,"Kaye,Deborah A"
ITAL,160B1,401,ITAL 160B1 401,"Provencher,Denis Michael"
ITAL,250C,101,ITAL 250C 101,"Bellocchio,Maria Letizia"
ITAL,250C,101,ITAL 250C 101,"Provencher,Denis Michael"
ITAL,250C,401,ITAL 250C 401,"Bellocchio,Maria Letizia"
ITAL,250C,401,ITAL 250C 401,"Provencher,Denis Michael"
JOUR,150C1,201,JOUR 150C1 201,"Lumsden,Linda J"
JOUR,150C1,401,JOUR 150C1 401,"Lumsden,Linda J"
JOUR,402,101,JOUR 402 101,"Zanger,Margaret E"
JOUR,402,401,JOUR 402 401,"Zanger,Margaret E"
JOUR,496F,101,JOUR 496F 101,"Relly,Jeannine E"
JOUR,496F,401,JOUR 496F 401,"Relly,Jeannine E"
JOUR,502,101,JOUR 502 101,"Zanger,Margaret E"
JOUR,502,401,JOUR 502 401,"Zanger,Margaret E"
JOUR,596F,101,JOUR 596F 101,"Relly,Jeannine E"
JOUR,596F,401,JOUR 596F 401,"Relly,Jeannine E"
JUS,160D1,101,JUS 160D1 101,"Kaye,Deborah A"
JUS,160D1,401,JUS 160D1 401,"Kaye,Deborah A"
JUS,310,101,JUS 310 101,"Wright,J Edward"
JUS,310,401,JUS 310 401,"Wright,J Edward"
JUS,321,101,JUS 321 101,"Kaye,Deborah A"
JUS,321,401,JUS 321 401,"Kaye,Deborah A"
JUS,377,103,JUS 377 103,"Hammer,Leonard M"
JUS,377,403,JUS 377 403,"Hammer,Leonard M"
JUS,384,101,JUS 384 101,"Hammer,Leonard M"
JUS,384,401,JUS 384 401,"Hammer,Leonard M"
LAR,150B1,101,LAR 150B1 101,"Johnson,Lauri M"
LAR,150B1,101,LAR 150B1 101,"Lee,Matthew J"
LAR,150B1,401,LAR 150B1 401,"Johnson,Lauri M"
LAR,150B1,401,LAR 150B1 401,"Lee,Matthew J"
LAR,471F,101,LAR 471F 101,"Daughtrey,Cannon Stewart"
LAR,471F,401,LAR 471F 401,"Daughtrey,Cannon Stewart"
LAR,571F,101,LAR 571F 101,"Daughtrey,Cannon Stewart"
LAR,571F,401,LAR 571F 401,"Daughtrey,Cannon Stewart"
LAS,204,101,LAS 204 101,"Work,Alexis Nicole"
LAS,204,401,LAS 204 401,"Work,Alexis Nicole"
LAS,330,101,LAS 330 101,"Vaknin,Johnathan Joseph"
LAS,330,401,LAS 330 401,"Vaknin,Johnathan Joseph"
LAS,347,101,LAS 347 101,"Cyr,Jennifer M"
LAS,347,401,LAS 347 401,"Cyr,Jennifer M"
LAS,350,101,LAS 350 101,"Huizar Hernandez,Anita Elizabeth"
LAS,350,401,LAS 350 401,"Huizar Hernandez,Anita Elizabeth"
LAS,356,101,LAS 356 101,"Brewer-Osorio,Susan Virginia"
LAS,356,401,LAS 356 401,"Brewer-Osorio,Susan Virginia"
LAS,366,101,LAS 366 101,"Brewer-Osorio,Susan Virginia"
LAS,366,401,LAS 366 401,"Brewer-Osorio,Susan Virginia"
LAS,388,101,LAS 388 101,"Williams,Isabel Lee"
LAS,388,401,LAS 388 401,"Williams,Isabel Lee"
LAS,400A,101,LAS 400A 101,"Ruffner,Paul Lee"
LAS,400A,401,LAS 400A 401,"Ruffner,Paul Lee"
LAS,425,101,LAS 425 101,-
LAS,425,401,LAS 425 401,-
LAS,469,101,LAS 469 101,-
LAS,469,401,LAS 469 401,-
LAW,401,101,LAW 401 101,-
LAW,401,101,LAW 401 101,"Blair,Mark L"
LAW,401,402,LAW 401 402,-
LAW,402B,101,LAW 402B 101,"Blair,Mark L"
LAW,402B,101,LAW 402B 101,"Erwin,John Alexander"
LAW,402B,101A,LAW 402B 101A,"Erwin,John Alexander"
LAW,402B,402,LAW 402B 402,"Erwin,John Alexander"
LAW,404,101,LAW 404 101,"Bergolla,Luis A"
LAW,404,101,LAW 404 101,"Blair,Mark L"
LAW,404,402,LAW 404 402,"Bergolla,Luis A"
LAW,404,402,LAW 404 402,"Blair,Mark L"
LAW,407,101,LAW 407 101,"Blair,Mark L"
LAW,407,101,LAW 407 101,"Larson,Sidner"
LAW,407,401,LAW 407 401,"Blair,Mark L"
LAW,407,401,LAW 407 401,"Larson,Sidner"
LAW,413A,101,LAW 413A 101,"Harless,Patrick"
LAW,413A,401,LAW 413A 401,"Harless,Patrick"
LAW,416,101,LAW 416 101,"Blair,Mark L"
LAW,416,101,LAW 416 101,"Meguerian-Faria,Rosa"
LAW,416,401,LAW 416 401,"Blair,Mark L"
LAW,416,401,LAW 416 401,"Meguerian-Faria,Rosa"
LAW,421,101,LAW 421 101,"Engel,Kirsten H"
LAW,421,401,LAW 421 401,"Engel,Kirsten H"
LAW,440A,101,LAW 440A 101,"Blair,Mark L"
LAW,440A,401,LAW 440A 401,"Blair,Mark L"
LAW,442,101,LAW 442 101,"Woods,Robert W"
LAW,442,401,LAW 442 401,"Woods,Robert W"
LAW,444B,101,LAW 444B 101,"Blair,Mark L"
LAW,444B,101,LAW 444B 101,"Meguerian-Faria,Rosa"
LAW,444B,401,LAW 444B 401,"Blair,Mark L"
LAW,444B,401,LAW 444B 401,"Meguerian-Faria,Rosa"
LAW,453,101,LAW 453 101,"Milczarek-desai,Shefali"
LAW,453,401,LAW 453 401,"Milczarek-desai,Shefali"
LAW,453A,101,LAW 453A 101,"Blair,Mark L"
LAW,453A,101,LAW 453A 101,"Meguerian-Faria,Rosa"
LAW,453A,401,LAW 453A 401,"Blair,Mark L"
LAW,453A,401,LAW 453A 401,"Meguerian-Faria,Rosa"
LAW,454,101,LAW 454 101,"Blair,Mark L"
LAW,454,101,LAW 454 101,"Erwin,John Alexander"
LAW,454,401,LAW 454 401,"Blair,Mark L"
LAW,454,401,LAW 454 401,"Erwin,John Alexander"
LAW,455,101,LAW 455 101,"Blair,Mark L"
LAW,455,101,LAW 455 101,"Meguerian-Faria,Rosa"
LAW,455,401,LAW 455 401,"Blair,Mark L"
LAW,455,401,LAW 455 401,"Meguerian-Faria,Rosa"
LAW,459,101,LAW 459 101,"Blair,Mark L"
LAW,459,101,LAW 459 101,"Hopkins,James C"
LAW,459,101,LAW 459 101,"Spira,Shirley"
LAW,459,401,LAW 459 401,"Blair,Mark L"
LAW,459,401,LAW 459 401,"Hopkins,James C"
LAW,459,401,LAW 459 401,"Spira,Shirley"
LAW,472,101,LAW 472 101,"Blair,Mark L"
LAW,472,101,LAW 472 101,"Kamm,Thomas Clayton"
LAW,472,401,LAW 472 401,"Blair,Mark L"
LAW,472,401,LAW 472 401,"Kamm,Thomas Clayton"
LAW,501,101,LAW 501 101,-
LAW,501,101,LAW 501 101,"Blair,Mark L"
LAW,501,402,LAW 501 402,-
LAW,502A,101,LAW 502A 101,"Blair,Mark L"
LAW,502A,101,LAW 502A 101,"Erwin,John Alexander"
LAW,502A,101A,LAW 502A 101A,"Erwin,John Alexander"
LAW,502A,402,LAW 502A 402,"Erwin,John Alexander"
LAW,502B,101,LAW 502B 101,"Blair,Mark L"
LAW,502B,101,LAW 502B 101,"Erwin,John Alexander"
LAW,502B,101A,LAW 502B 101A,"Erwin,John Alexander"
LAW,502B,402,LAW 502B 402,"Erwin,John Alexander"
LAW,504,101,LAW 504 101,"Bergolla,Luis A"
LAW,504,101,LAW 504 101,"Blair,Mark L"
LAW,504,402,LAW 504 402,"Bergolla,Luis A"
LAW,504,402,LAW 504 402,"Blair,Mark L"
LAW,507,101,LAW 507 101,"Blair,Mark L"
LAW,507,101,LAW 507 101,"Larson,Sidner"
LAW,507,401,LAW 507 401,"Blair,Mark L"
LAW,507,401,LAW 507 401,"Kamm,Thomas Clayton"
LAW,507,401,LAW 507 401,"Blair,Mark L"
LAW,507,401,LAW 507 401,"Larson,Sidner"
LAW,513A,101,LAW 513A 101,"Harless,Patrick"
LAW,513A,401,LAW 513A 401,"Harless,Patrick"
LAW,516,101,LAW 516 101,"Blair,Mark L"
LAW,516,101,LAW 516 101,"Meguerian-Faria,Rosa"
LAW,516,401,LAW 516 401,"Blair,Mark L"
LAW,516,401,LAW 516 401,"Meguerian-Faria,Rosa"
LAW,519,101,LAW 519 101,"Schmidtz,David J"
LAW,519,401,LAW 519 401,"Schmidtz,David J"
LAW,521,101,LAW 521 101,"Engel,Kirsten H"
LAW,521,401,LAW 521 401,"Engel,Kirsten H"
LAW,540A,101,LAW 540A 101,"Blair,Mark L"
LAW,540A,401,LAW 540A 401,"Blair,Mark L"
LAW,542,101,LAW 542 101,"Woods,Robert W"
LAW,542,401,LAW 542 401,"Woods,Robert W"
LAW,544B,101,LAW 544B 101,"Blair,Mark L"
LAW,544B,101,LAW 544B 101,"Meguerian-Faria,Rosa"
LAW,544B,401,LAW 544B 401,"Blair,Mark L"
LAW,544B,401,LAW 544B 401,"Meguerian-Faria,Rosa"
LAW,553,101,LAW 553 101,"Milczarek-desai,Shefali"
LAW,553,401,LAW 553 401,"Milczarek-desai,Shefali"
LAW,553A,101,LAW 553A 101,"Blair,Mark L"
LAW,553A,101,LAW 553A 101,"Meguerian-Faria,Rosa"
LAW,553A,401,LAW 553A 401,"Blair,Mark L"
LAW,553A,401,LAW 553A 401,"Meguerian-Faria,Rosa"
LAW,554,101,LAW 554 101,"Blair,Mark L"
LAW,554,101,LAW 554 101,"Erwin,John Alexander"
LAW,554,401,LAW 554 401,"Blair,Mark L"
LAW,554,401,LAW 554 401,"Erwin,John Alexander"
LAW,555,101,LAW 555 101,"Blair,Mark L"
LAW,555,101,LAW 555 101,"Meguerian-Faria,Rosa"
LAW,555,401,LAW 555 401,"Blair,Mark L"
LAW,555,401,LAW 555 401,"Meguerian-Faria,Rosa"
LAW,559,101,LAW 559 101,"Blair,Mark L"
LAW,559,101,LAW 559 101,"Hopkins,James C"
LAW,559,101,LAW 559 101,"Spira,Shirley"
LAW,559,401,LAW 559 401,"Blair,Mark L"
LAW,559,401,LAW 559 401,"Hopkins,James C"
LAW,559,401,LAW 559 401,"Spira,Shirley"
LAW,572,101,LAW 572 101,"Blair,Mark L"
LAW,572,101,LAW 572 101,"Kamm,Thomas Clayton"
LAW,572,401,LAW 572 401,"Blair,Mark L"
LAW,572,401,LAW 572 401,"Kamm,Thomas Clayton"
LAW,640,101,LAW 640 101,"Brooks,Michael Thomas"
LAW,640,101,LAW 640 101,"Lacy,John C"
LAW,640,401,LAW 640 401,"Brooks,Michael Thomas"
LAW,640,401,LAW 640 401,"Lacy,John C"
LAW,640G,101,LAW 640G 101,"Brooks,Michael Thomas"
LAW,640G,101,LAW 640G 101,"Poulton,Mary M"
LAW,640G,401,LAW 640G 401,"Brooks,Michael Thomas"
LAW,640G,401,LAW 640G 401,"Poulton,Mary M"
LAW,655F,101,LAW 655F 101,"Brooks,Michael Thomas"
LAW,655F,101,LAW 655F 101,"Butler,Susan J"
LAW,655F,401,LAW 655F 401,"Brooks,Michael Thomas"
LAW,655F,401,LAW 655F 401,"Butler,Susan J"
LAW,689,101,LAW 689 101,"Brooks,Michael Thomas"
LAW,689,101,LAW 689 101,"Esposito,Shaun"
LAW,689,401,LAW 689 401,"Brooks,Michael Thomas"
LAW,689,401,LAW 689 401,"Esposito,Shaun"
LAW,696I,101,LAW 696I 101,"Brooks,Michael Thomas"
LAW,696I,101,LAW 696I 101,"Hopkins,James C"
LAW,696I,401,LAW 696I 401,"Brooks,Michael Thomas"
LAW,696I,401,LAW 696I 401,"Hopkins,James C"
LING,201,105,LING 201 105,"Ohala,Diane K"
LING,201,405,LING 201 405,"Ohala,Diane K"
LING,202,101,LING 202 101,"King,Caroline"
LING,202,401,LING 202 401,"King,Caroline"
LING,210,101,LING 210 101,"De Lima Silva,Wilson"
LING,210,102,LING 210 102,"De Lima Silva,Wilson"
LING,210,401,LING 210 401,"De Lima Silva,Wilson"
LING,211,101,LING 211 101,"Bever,Thomas G"
LING,211,101,LING 211 101,"Chomsky,Avram"
LING,211,101,LING 211 101,"Piattelli-Palmarini,Massi"
LING,211,102,LING 211 102,"Bever,Thomas G"
LING,211,102,LING 211 102,"Chomsky,Avram"
LING,211,102,LING 211 102,"Piattelli-Palmarini,Massi"
LING,211,401,LING 211 401,"Bever,Thomas G"
LING,211,401,LING 211 401,"Chomsky,Avram"
LING,211,401,LING 211 401,"Piattelli-Palmarini,Massi"
LING,320,101,LING 320 101,-
LING,320,102,LING 320 102,-
LING,320,401,LING 320 401,-
LING,341,101,LING 341 101,"Fedzechkina,Maryia"
LING,341,102,LING 341 102,-
LING,341,401,LING 341 401,"Fedzechkina,Maryia"
LING,341,402,LING 341 402,-
LING,432,101,LING 432 101,"Ohala,Diane K"
LING,432,401,LING 432 401,"Ohala,Diane K"
LING,529,101,LING 529 101,"Hammond,Michael"
LING,529,401,LING 529 401,"Hammond,Michael"
LING,531,101,LING 531 101,"Hammond,Michael"
LING,531,401,LING 531 401,"Hammond,Michael"
LIS,432,101,LIS 432 101,"Thomas,Emily Louise"
LIS,432,401,LIS 432 401,"Thomas,Emily Louise"
LIS,470,101,LIS 470 101,"Fulton,Bruce D"
LIS,471,101,LIS 471 101,"Rucker,Ryan"
LIS,471,401,LIS 471 401,"Rucker,Ryan"
LIS,472,101,LIS 472 101,"Wallace,Niamh A"
LIS,472,401,LIS 472 401,"Wallace,Niamh A"
LIS,475,101,LIS 475 101,"Rucker,Ryan"
LIS,475,401,LIS 475 401,"Rucker,Ryan"
LIS,504,101,LIS 504 101,"Macaluso,Jane Mary"
LIS,504,401,LIS 504 401,"Macaluso,Jane Mary"
LIS,506,101,LIS 506 101,"Mery,Yvonne D"
LIS,506,401,LIS 506 401,"Mery,Yvonne D"
LIS,515,401,LIS 515 401,"Fricke,Martin H"
LIS,520,101,LIS 520 101,"Lysenko,Volodymyr"
LIS,520,401,LIS 520 401,"Lysenko,Volodymyr"
LIS,523,101,LIS 523 101,"Macaluso,Jane Mary"
LIS,523,401,LIS 523 401,"Macaluso,Jane Mary"
LIS,530,101,LIS 530 101,"Parks,Bonnie S"
LIS,530,401,LIS 530 401,"Parks,Bonnie S"
LIS,532,101,LIS 532 101,"Loa,C Berlin"
LIS,532,401,LIS 532 401,"Loa,C Berlin"
LIS,533,101,LIS 533 101,"Kramer,Sandra S"
LIS,533,401,LIS 533 401,"Kramer,Sandra S"
LIS,540,101,LIS 540 101,"Loa,C Berlin"
LIS,540,401,LIS 540 401,"Loa,C Berlin"
LIS,557,101,LIS 557 101,"Chabran,Richard F"
LIS,557,401,LIS 557 401,"Chabran,Richard F"
LIS,558,101,LIS 558 101,"Gohr,Michelle Ashley"
LIS,558,401,LIS 558 401,"Gohr,Michelle Ashley"
LIS,559,101,LIS 559 101,"Macaluso,Jane Mary"
LIS,559,401,LIS 559 401,"Macaluso,Jane Mary"
LIS,565,101,LIS 565 101,-
LIS,565,401,LIS 565 401,-
LIS,570,101,LIS 570 101,"Fulton,Bruce D"
LIS,570,401,LIS 570 401,"Fulton,Bruce D"
LIS,571,101,LIS 571 101,"Rucker,Ryan"
LIS,571,401,LIS 571 401,"Rucker,Ryan"
LIS,572,101,LIS 572 101,"Wallace,Niamh A"
LIS,572,401,LIS 572 401,"Wallace,Niamh A"
LIS,575,101,LIS 575 101,"Rucker,Ryan"
LIS,575,401,LIS 575 401,"Rucker,Ryan"
LIS,586,101,LIS 586 101,"Gunder,Angela Corinne"
LIS,586,401,LIS 586 401,"Gunder,Angela Corinne"
LIS,671,101,LIS 671 101,"Fulton,Bruce D"
LIS,671,401,LIS 671 401,"Fulton,Bruce D"
LIS,672,101,LIS 672 101,"Helmke,Matthew D"
LIS,672,401,LIS 672 401,"Helmke,Matthew D"
LIS,676,101,LIS 676 101,"Fulton,Bruce D"
LIS,676,401,LIS 676 401,"Fulton,Bruce D"
MAS,150B1,101,MAS 150B1 101,-
MAS,150B1,401,MAS 150B1 401,-
MAS,150B2,101,MAS 150B2 101,"Santa Cruz,Darlane E"
MAS,150B2,101,MAS 150B2 101,"Magana,Maurice Rafael"
MAS,150B2,401,MAS 150B2 401,"Santa Cruz,Darlane E"
MAS,150B2,401,MAS 150B2 401,"Magana,Maurice Rafael"
MAS,150C1,101,MAS 150C1 101,-
MAS,150C1,401,MAS 150C1 401,-
MAS,265,101,MAS 265 101,-
MAS,265,401,MAS 265 401,-
MAS,350,101,MAS 350 101,-
MAS,350,401,MAS 350 401,-
MATH,107,101,MATH 107 101,"Ekstrom,Cheryl L"
MATH,107,401,MATH 107 401,"Ekstrom,Cheryl L"
MATH,112,101,MATH 112 101,"Ekstrom,Cheryl L"
MATH,112,102,MATH 112 102,"Ekstrom,Cheryl L"
MATH,112,103,MATH 112 103,-
MATH,112,401,MATH 112 401,"Ekstrom,Cheryl L"
MATH,112,402,MATH 112 402,"Ekstrom,Cheryl L"
MATH,112,403,MATH 112 403,-
MATH,113,103,MATH 113 103,-
MATH,113,403,MATH 113 403,-
MATH,116,103,MATH 116 103,-
MATH,116,401,MATH 116 401,-
MATH,116,403,MATH 116 403,-
MATH,120R,103,MATH 120R 103,-
MATH,120R,403,MATH 120R 403,-
MATH,121A,401,MATH 121A 401,"Ekstrom,Cheryl L"
MATH,121A,401,MATH 121A 401,"Krawczyk,Donna M"
MATH,121A,401,MATH 121A 401,"Person-Rennell,Christopher"
MATH,121B,401,MATH 121B 401,"Ekstrom,Cheryl L"
MATH,121B,401,MATH 121B 401,"Krawczyk,Donna M"
MATH,121B,401,MATH 121B 401,"Person-Rennell,Christopher"
MATH,122A,101,MATH 122A 101,-
MATH,122A,401,MATH 122A 401,-
MATH,122A,401,MATH 122A 401,-
MATH,122B,102,MATH 122B 102,-
MATH,122B,402,MATH 122B 402,-
MATH,125,103,MATH 125 103,-
MATH,125,401,MATH 125 401,-
MATH,125,403,MATH 125 403,-
MATH,129,103,MATH 129 103,-
MATH,129,401,MATH 129 401,-
MATH,129,403,MATH 129 403,-
MATH,202,101,MATH 202 101,"King,Caroline"
MATH,202,401,MATH 202 401,"King,Caroline"
MATH,223,101,MATH 223 101,"Ekstrom,Cheryl L"
MATH,223,101,MATH 223 101,"Krawczyk,Donna M"
MATH,223,401,MATH 223 401,"Ekstrom,Cheryl L"
MATH,223,401,MATH 223 401,"Krawczyk,Donna M"
MATH,243,101,MATH 243 101,-
MATH,243,401,MATH 243 401,-
MATH,254,103,MATH 254 103,-
MATH,254,402,MATH 254 402,-
MATH,254,403,MATH 254 403,-
MATH,263,103,MATH 263 103,-
MATH,263,403,MATH 263 403,-
MATH,564,101,MATH 564 101,-
MATH,564,401,MATH 564 401,-
MATH,564,402,MATH 564 402,-
MATH,571A,101,MATH 571A 101,-
MATH,571A,401,MATH 571A 401,-
MENA,160A1,101,MENA 160A1 101,"Nassar,Maha"
MENA,160A1,401,MENA 160A1 401,"Nassar,Maha"
MENA,377,103,MENA 377 103,"Hammer,Leonard M"
MENA,377,403,MENA 377 403,"Hammer,Leonard M"
MIC,205A,102,MIC 205A 102,"Xiong,Zhongguo"
MIC,205A,402,MIC 205A 402,"Xiong,Zhongguo"
MIC,450,101,MIC 450 101,"Cooper,Kerry K"
MIC,450,401,MIC 450 401,"Cooper,Kerry K"
MIC,550,101,MIC 550 101,"Cooper,Kerry K"
MIC,550,401,MIC 550 401,"Cooper,Kerry K"
MNE,503,101,MNE 503 101,"Do,Michael Duc"
MNE,503,401,MNE 503 401,"Do,Michael Duc"
NSC,101,101,NSC 101 101,"Driscoll,Nancy R"
NSC,101,102,NSC 101 102,"Driscoll,Nancy R"
NSC,101,103,NSC 101 103,"Barker,Katelyn"
NSC,101,401,NSC 101 401,"Driscoll,Nancy R"
NSC,101,402,NSC 101 402,"Driscoll,Nancy R"
NSC,101,402,NSC 101 402,"Driscoll,Nancy R"
NSC,101,403,NSC 101 403,"Barker,Katelyn"
NSC,115,101,NSC 115 101,"Mullins,Veronica Anne"
NSC,115,401,NSC 115 401,"Mullins,Veronica Anne"
NSC,115,401A,NSC 115 401A,"Mullins,Veronica Anne"
NSC,120,101,NSC 120 101,"Jondall,Dava R"
NSC,120,101,NSC 120 101,"Yitayew,Muluneh"
NSC,120,401,NSC 120 401,"Jondall,Dava R"
NSC,120,401,NSC 120 401,"Yitayew,Muluneh"
NSC,170C1,103,NSC 170C1 103,"Mills,Christopher Thomas"
NSC,170C1,104,NSC 170C1 104,"Driscoll,Nancy R"
NSC,170C1,104,NSC 170C1 104,"Mills,Christopher Thomas"
NSC,170C1,401,NSC 170C1 401,"Driscoll,Nancy R"
NSC,170C1,402,NSC 170C1 402,"Driscoll,Nancy R"
NSC,170C1,403,NSC 170C1 403,"Mills,Christopher Thomas"
NSC,170C1,404,NSC 170C1 404,"Driscoll,Nancy R"
NSC,170C1,404,NSC 170C1 404,"Mills,Christopher Thomas"
NSC,170C2,101,NSC 170C2 101,"Sparks,Patricia L"
NSC,170C2,401,NSC 170C2 401,"Sparks,Patricia L"
NSC,170C2,401A,NSC 170C2 401A,"Sparks,Patricia L"
NSC,225,101,NSC 225 101,"Jackson,Kelly A"
NSC,225,401,NSC 225 401,"Jackson,Kelly A"
NSC,255,101,NSC 255 101,"Sparks,Patricia L"
NSC,255,401,NSC 255 401,"Sparks,Patricia L"
NSC,301,102,NSC 301 102,"Linares-Gaffer,Ashlee L"
NSC,301,401,NSC 301 401,"Linares-Gaffer,Ashlee L"
NSC,308,401,NSC 308 401,-
NSC,310,101,NSC 310 101,-
NSC,310,401,NSC 310 401,-
NSC,353,101,NSC 353 101,"Pihl,Tedley S"
NSC,353,401,NSC 353 401,"Pihl,Tedley S"
NSC,445,101,NSC 445 101,"Drescher,Amy A"
NSC,445,401,NSC 445 401,"Drescher,Amy A"
NSC,545,101,NSC 545 101,"Drescher,Amy A"
NSC,545,401,NSC 545 401,"Drescher,Amy A"
NSC,545,401,NSC 545 401,"Serrano,Guadalupe Anaid"
NURS,600D,101,NURS 600D 101,"Crist,Janice D"
NURS,600D,401,NURS 600D 401,"Crist,Janice D"
NURS,609A,101,NURS 609A 101,"Allison,Theresa E"
NURS,609A,101,NURS 609A 101,"Brown,Angela C"
NURS,609A,101,NURS 609A 101,"Daly,Patricia"
NURS,609A,101,NURS 609A 101,"DeBoe,Joseph Charles"
NURS,609A,101,NURS 609A 101,"Flamm,Kristie Lynn"
NURS,609A,101,NURS 609A 101,"Kiser,Lisa Heidi"
NURS,609A,101,NURS 609A 101,"Mackey,Patricia"
NURS,609A,101,NURS 609A 101,"Pacheco,Christy L"
NURS,609A,101,NURS 609A 101,"Shurson,Lauren"
NURS,609A,401,NURS 609A 401,"Allison,Theresa E"
NURS,609A,401,NURS 609A 401,"Brown,Angela C"
NURS,609A,401,NURS 609A 401,"Daly,Patricia"
NURS,609A,401,NURS 609A 401,"DeBoe,Joseph Charles"
NURS,609A,401,NURS 609A 401,"Flamm,Kristie Lynn"
NURS,609A,401,NURS 609A 401,"Kiser,Lisa Heidi"
NURS,609A,401,NURS 609A 401,"Mackey,Patricia"
NURS,609A,401,NURS 609A 401,"Pacheco,Christy L"
NURS,609A,401,NURS 609A 401,"Shurson,Lauren"
NURS,629,101,NURS 629 101,"Rothers,Janet L"
NURS,629,101,NURS 629 101,"Wung,Shu Fen"
NURS,629,401,NURS 629 401,"Rothers,Janet L"
NURS,629,401,NURS 629 401,"Wung,Shu Fen"
NURS,630,101,NURS 630 101,"Silva Torres,Graciela Emilia"
NURS,630,401,NURS 630 401,"Silva Torres,Graciela Emilia"
NURS,647,101,NURS 647 101,"Carrington,Jane M"
NURS,647,401,NURS 647 401,"Carrington,Jane M"
NURS,650,101,NURS 650 101,"Brewer,Barbara B"
NURS,650,101,NURS 650 101,"Rainbow,Jessica"
NURS,650,401,NURS 650 401,"Brewer,Barbara B"
NURS,650,401,NURS 650 401,"Rainbow,Jessica"
NURS,695B,101,NURS 695B 101,"Gallagher,Shawn Patrick"
NURS,695B,101,NURS 695B 101,"Godfrey,Timian M"
NURS,695B,101,NURS 695B 101,"Love,Rene Allen"
NURS,695B,101,NURS 695B 101,"Shurson,Lauren"
NURS,695B,401,NURS 695B 401,"Gallagher,Shawn Patrick"
NURS,695B,401,NURS 695B 401,"Godfrey,Timian M"
NURS,695B,401,NURS 695B 401,"Love,Rene Allen"
NURS,695B,401,NURS 695B 401,"Shurson,Lauren"
NURS,695D,101,NURS 695D 101,"Brooks,Michael Thomas"
NURS,695D,101,NURS 695D 101,"Goff,Kirin T"
NURS,695D,401,NURS 695D 401,"Brooks,Michael Thomas"
NURS,695D,401,NURS 695D 401,"Goff,Kirin T"
NURS,701A,101,NURS 701A 101,"Loescher,Lois J"
NURS,701A,401,NURS 701A 401,"Loescher,Lois J"
NURS,705,101,NURS 705 101,"Reed,Pamela G"
NURS,705,101,NURS 705 101,"Rishel,Cindy J"
NURS,705,401,NURS 705 401,"Reed,Pamela G"
NURS,705,401,NURS 705 401,"Rishel,Cindy J"
NURS,707,101,NURS 707 101,"Loescher,Lois J"
NURS,707,401,NURS 707 401,"Loescher,Lois J"
NURS,721,101,NURS 721 101,"Pace,Thaddeus Wesley Warren"
NURS,721,401,NURS 721 401,"Pace,Thaddeus Wesley Warren"
NURS,727,101,NURS 727 101,"Taylor-Piliae,Ruth E"
NURS,727,401,NURS 727 401,"Taylor-Piliae,Ruth E"
NURS,730,101,NURS 730 101,"Insel,Kathleen C"
NURS,730,101,NURS 730 101,"Morrison,Helena W"
NURS,730,401,NURS 730 401,"Insel,Kathleen C"
NURS,730,401,NURS 730 401,"Morrison,Helena W"
NURS,731,101,NURS 731 101,"Crist,Janice D"
NURS,731,401,NURS 731 401,"Crist,Janice D"
NURS,744,101,NURS 744 101,"Stauber,Leah S"
NURS,744,401,NURS 744 401,"Stauber,Leah S"
NURS,747,101,NURS 747 101,"Ritter,Leslie S"
NURS,747,401,NURS 747 401,"Ritter,Leslie S"
NURS,748,101,NURS 748 101,"Morrison,Helena W"
NURS,748,401,NURS 748 401,"Morrison,Helena W"
NURS,752,401,NURS 752 401,-
NURS,787,101,NURS 787 101,"McEwen,Marylyn M"
NURS,787,401,NURS 787 401,"McEwen,Marylyn M"
OPTI,528,101,OPTI 528 101,"Hart,Michael"
OPTI,528,401,OPTI 528 401,"Hart,Michael"
PA,205,101,PA 205 101,"Chan,Hoi Yee"
PA,205,101,PA 205 101,"Oberdick,William A"
PA,205,101,PA 205 101,"Paco Abenoza,Aria"
PA,205,401,PA 205 401,"Chan,Hoi Yee"
PA,205,401,PA 205 401,"Oberdick,William A"
PA,205,401,PA 205 401,"Paco Abenoza,Aria"
PA,321,2,PA 321 2,"Schumacher,William Thomas"
PA,321,101,PA 321 101,"Howard,Laura M"
PA,321,102,PA 321 102,"Hazony,Avital"
PA,321,401,PA 321 401,"Howard,Laura M"
PA,321,402,PA 321 402,"Hazony,Avital"
PA,323,101,PA 323 101,"Keoseyan,Benjamin"
PA,323,401,PA 323 401,"Keoseyan,Benjamin"
PA,330,101,PA 330 101,"Grossenbach,Daniel H"
PA,330,401,PA 330 401,"Grossenbach,Daniel H"
PA,349,101,PA 349 101,"Hemphill,Katie"
PA,349,401,PA 349 401,"Hemphill,Katie"
PA,356,101,PA 356 101,"Brewer-Osorio,Susan Virginia"
PA,366,101,PA 366 101,"Brewer-Osorio,Susan Virginia"
PA,470,101,PA 470 101,"Ahn,Min Woo"
PA,470,401,PA 470 401,"Ahn,Min Woo"
PA,480,101,PA 480 101,"Goggin,Malcolm"
PA,480,401,PA 480 401,"Goggin,Malcolm"
PCOL,196D,101,PCOL 196D 101,"Schnellmann,Jennifer G"
PCOL,196D,401,PCOL 196D 401,"Schnellmann,Jennifer G"
PFFP,196A,101,PFFP 196A 101,"Ligon,Victoria Kathleen"
PFFP,196A,401,PFFP 196A 401,"Ligon,Victoria Kathleen"
PHIL,110,101,PHIL 110 101,"Howard,Laura M"
PHIL,110,102,PHIL 110 102,"Weinberg,Jonathan M"
PHIL,110,401,PHIL 110 401,"Howard,Laura M"
PHIL,110,402,PHIL 110 402,"Weinberg,Jonathan M"
PHIL,150A1,1,PHIL 150A1 1,"Whitton,Sean Peter"
PHIL,150A1,401,PHIL 150A1 401,"Whitton,Sean Peter"
PHIL,150B1,101,PHIL 150B1 101,"Howard,Laura M"
PHIL,150B1,401,PHIL 150B1 401,"Howard,Laura M"
PHIL,202,101,PHIL 202 101,"King,Caroline"
PHIL,202,401,PHIL 202 401,"King,Caroline"
PHIL,205,101,PHIL 205 101,"Chan,Hoi Yee"
PHIL,205,101,PHIL 205 101,"Oberdick,William A"
PHIL,205,101,PHIL 205 101,"Paco Abenoza,Aria"
PHIL,205,401,PHIL 205 401,"Chan,Hoi Yee"
PHIL,205,401,PHIL 205 401,"Oberdick,William A"
PHIL,205,401,PHIL 205 401,"Paco Abenoza,Aria"
PHIL,210,101,PHIL 210 101,"Guzman,Danielle Alexandra"
PHIL,210,401,PHIL 210 401,"Guzman,Danielle Alexandra"
PHIL,220,101,PHIL 220 101,"Chan,Hoi Yee"
PHIL,220,101,PHIL 220 101,"Oberdick,William A"
PHIL,220,101,PHIL 220 101,"Paco Abenoza,Aria"
PHIL,220,401,PHIL 220 401,"Chan,Hoi Yee"
PHIL,220,401,PHIL 220 401,"Oberdick,William A"
PHIL,220,401,PHIL 220 401,"Paco Abenoza,Aria"
PHIL,223,101,PHIL 223 101,"Machibya,Telesphory R"
PHIL,223,401,PHIL 223 401,"Machibya,Telesphory R"
PHIL,241,1,PHIL 241 1,"Lazo,Robert Patrick Stone"
PHIL,241,101,PHIL 241 101,"Wisniewska,Karolina"
PHIL,241,401,PHIL 241 401,"Wisniewska,Karolina"
PHIL,241,402,PHIL 241 402,"Lazo,Robert Patrick Stone"
PHIL,321,2,PHIL 321 2,"Schumacher,William Thomas"
PHIL,321,101,PHIL 321 101,"Howard,Laura M"
PHIL,321,102,PHIL 321 102,"Hazony,Avital"
PHIL,321,401,PHIL 321 401,"Howard,Laura M"
PHIL,321,402,PHIL 321 402,"Hazony,Avital"
PHIL,322,101,PHIL 322 101,"Chan,Hoi Yee"
PHIL,322,101,PHIL 322 101,"Oberdick,William A"
PHIL,322,101,PHIL 322 101,"Paco Abenoza,Aria"
PHIL,322,401,PHIL 322 401,"Chan,Hoi Yee"
PHIL,322,401,PHIL 322 401,"Oberdick,William A"
PHIL,322,401,PHIL 322 401,"Paco Abenoza,Aria"
PHIL,323,101,PHIL 323 101,"Keoseyan,Benjamin"
PHIL,323,401,PHIL 323 401,"Keoseyan,Benjamin"
PHIL,347,101,PHIL 347 101,"Dewey,Caleb Randy"
PHIL,347,401,PHIL 347 401,"Dewey,Caleb Randy"
PHIL,410A,101,PHIL 410A 101,"Golemon,Luke E"
PHIL,410A,401,PHIL 410A 401,"Golemon,Luke E"
PHIL,413A,101,PHIL 413A 101,"Harless,Patrick"
PHIL,413A,401,PHIL 413A 401,"Harless,Patrick"
PHIL,472A,101,PHIL 472A 101,"Wastvedt,Bjorn Sether"
PHIL,472A,401,PHIL 472A 401,"Wastvedt,Bjorn Sether"
PHIL,513A,101,PHIL 513A 101,"Harless,Patrick"
PHIL,513A,401,PHIL 513A 401,"Harless,Patrick"
PHIL,519,101,PHIL 519 101,"Schmidtz,David J"
PHIL,519,401,PHIL 519 401,"Schmidtz,David J"
PHP,495,101,PHP 495 101,"Urbine,Terry F"
PHP,495,403,PHP 495 403,"Urbine,Terry F"
PHPM,310,101,PHPM 310 101,"Urbine,Terry F"
PHPM,310,403,PHPM 310 403,"Urbine,Terry F"
PHPM,407,101,PHPM 407 101,"Urbine,Terry F"
PHPM,407,403,PHPM 407 403,"Urbine,Terry F"
PHPM,415,101,PHPM 415 101,"Tiggs,Karen J"
PHPM,415,403,PHPM 415 403,"Tiggs,Karen J"
PHPM,507,101,PHPM 507 101,"Urbine,Terry F"
PHPM,507,402,PHPM 507 402,"Urbine,Terry F"
PHPM,695D,101,PHPM 695D 101,"Brooks,Michael Thomas"
PHPM,695D,101,PHPM 695D 101,"Goff,Kirin T"
PHPM,695D,401,PHPM 695D 401,"Brooks,Michael Thomas"
PHPM,695D,401,PHPM 695D 401,"Goff,Kirin T"
PHSC,695D,101,PHSC 695D 101,"Brooks,Michael Thomas"
PHSC,695D,101,PHSC 695D 101,"Goff,Kirin T"
PHSC,695D,401,PHSC 695D 401,"Brooks,Michael Thomas"
PHSC,695D,401,PHSC 695D 401,"Goff,Kirin T"
PLG,202,101,PLG 202 101,"Chorover,Gina"
PLG,202,401,PLG 202 401,"Chorover,Gina"
PLG,211,101,PLG 211 101,"Iroz-Elardo,Nicole"
PLG,211,401,PLG 211 401,"Iroz-Elardo,Nicole"
PLG,457,101,PLG 457 101,"Sanchez Trigueros,Fernando"
PLG,457,401,PLG 457 401,"Sanchez Trigueros,Fernando"
PLP,527R,102,PLP 527R 102,"Orbach,Marc Joel"
PLP,527R,401,PLP 527R 401,"Orbach,Marc Joel"
PLS,120,101,PLS 120 101,"Jondall,Dava R"
PLS,120,101,PLS 120 101,"Yitayew,Muluneh"
PLS,120,401,PLS 120 401,"Jondall,Dava R"
PLS,120,401,PLS 120 401,"Yitayew,Muluneh"
PLS,170C1,102,PLS 170C1 102,"Pessarakli,Mohammad"
PLS,170C1,402,PLS 170C1 402,"Pessarakli,Mohammad"
PLS,170C2,102,PLS 170C2 102,"Orchard,Samantha"
PLS,170C2,402,PLS 170C2 402,"Orchard,Samantha"
PLS,170C3,102,PLS 170C3 102,"Quist,Tanya M"
PLS,170C3,402,PLS 170C3 402,"Quist,Tanya M"
PLS,240,102,PLS 240 102,"Quist,Tanya M"
PLS,240,102A,PLS 240 102A,"Quist,Tanya M"
PLS,240,402,PLS 240 402,"Quist,Tanya M"
PLS,240,402A,PLS 240 402A,"Quist,Tanya M"
POL,201,101,POL 201 101,"Ridenour,Joshua Charles Keith"
POL,201,101,POL 201 101,"McCamman,Michael J"
POL,201,401,POL 201 401,"Ridenour,Joshua Charles Keith"
POL,201,401,POL 201 401,"McCamman,Michael J"
POL,202,101,POL 202 101,"Gordell,Kelly Marie"
POL,202,101,POL 202 101,"Chen,Xiran"
POL,202,401,POL 202 401,"Gordell,Kelly Marie"
POL,202,401,POL 202 401,"Chen,Xiran"
POL,204,101,POL 204 101,"Work,Alexis Nicole"
POL,204,401,POL 204 401,"Work,Alexis Nicole"
POL,377,103,POL 377 103,"Hammer,Leonard M"
POL,377,403,POL 377 403,"Hammer,Leonard M"
POL,388,101,POL 388 101,"Williams,Isabel Lee"
POL,388,401,POL 388 401,"Williams,Isabel Lee"
POL,424,101,POL 424 101,"Bianchi,Matias F"
POL,424,401,POL 424 401,"Bianchi,Matias F"
POL,471,101,POL 471 101,"Westerland,Chad L"
POL,471,401,POL 471 401,"Westerland,Chad L"
PPEL,205,101,PPEL 205 101,"Chan,Hoi Yee"
PPEL,205,101,PPEL 205 101,"Oberdick,William A"
PPEL,205,101,PPEL 205 101,"Paco Abenoza,Aria"
PPEL,205,401,PPEL 205 401,"Chan,Hoi Yee"
PPEL,205,401,PPEL 205 401,"Oberdick,William A"
PPEL,205,401,PPEL 205 401,"Paco Abenoza,Aria"
PR,318,101,PR 318 101,"Choi,Eunjoo"
PR,318,101,PR 318 101,"Nemcova,Katerina"
PR,318,101,PR 318 101,"Rains,Stephen A"
PR,318,401,PR 318 401,"Choi,Eunjoo"
PR,318,401,PR 318 401,"Nemcova,Katerina"
PR,318,401,PR 318 401,"Rains,Stephen A"
RCSC,150B1,101,RCSC 150B1 101,"Kennedy,Kathleen J"
RCSC,150B1,401,RCSC 150B1 401,"Kennedy,Kathleen J"
RCSC,150B2,3,RCSC 150B2 3,"Ligon,Victoria Kathleen"
RCSC,150B2,403,RCSC 150B2 403,"Ligon,Victoria Kathleen"
RCSC,204,101,RCSC 204 101,"Padilla,Charlette T"
RCSC,204,401,RCSC 204 401,"Padilla,Charlette T"
RED,407,101,RED 407 101,"Bidolli,Brian T"
RED,407,401,RED 407 401,"Bidolli,Brian T"
RED,415,101,RED 415 101,"Currans,Kristina M"
RED,415,401,RED 415 401,"Currans,Kristina M"
RED,485,101,RED 485 101,"Bidolli,Brian T"
RED,485,401,RED 485 401,"Bidolli,Brian T"
RED,507,1,RED 507 1,"Bidolli,Brian T"
RED,507,101,RED 507 101,"Bidolli,Brian T"
RED,507,401,RED 507 401,"Bidolli,Brian T"
RED,515,101,RED 515 101,"Currans,Kristina M"
RED,515,401,RED 515 401,"Currans,Kristina M"
RED,585,101,RED 585 101,"Bidolli,Brian T"
RED,585,401,RED 585 401,"Bidolli,Brian T"
RELI,160A1,101,RELI 160A1 101,"Simmons,Caleb"
RELI,160A1,401,RELI 160A1 401,"Simmons,Caleb"
RELI,160D3,101,RELI 160D3 101,"Jameson,Alison C"
RELI,160D3,401,RELI 160D3 401,"Jameson,Alison C"
RELI,203,101,RELI 203 101,"Oberman,Hester Elsa"
RELI,203,401,RELI 203 401,"Oberman,Hester Elsa"
RELI,271,101,RELI 271 101,"Plummer,Marjorie Elizabeth"
RELI,271,401,RELI 271 401,"Plummer,Marjorie Elizabeth"
RELI,310,101,RELI 310 101,"Wright,J Edward"
RELI,310,401,RELI 310 401,"Wright,J Edward"
RELI,321,101,RELI 321 101,"Kaye,Deborah A"
RELI,321,401,RELI 321 401,"Kaye,Deborah A"
RELI,405A,101,RELI 405A 101,"Milliman,Paul R"
RELI,405A,401,RELI 405A 401,"Milliman,Paul R"
RNR,170C1,101,RNR 170C1 101,"Smith,Steven E"
RNR,170C1,401,RNR 170C1 401,"Smith,Steven E"
RNR,200,101,RNR 200 101,-
RNR,200,401,RNR 200 401,-
RNR,230L,1,RNR 230L 1,"Smith,Steven E"
RNR,230L,2,RNR 230L 2,"Smith,Steven E"
RNR,230L,401,RNR 230L 401,"Smith,Steven E"
RNR,230L,402,RNR 230L 402,"Smith,Steven E"
RNR,230R,1,RNR 230R 1,"Smith,Steven E"
RNR,230R,401,RNR 230R 401,"Smith,Steven E"
RNR,417,101,RNR 417 101,"Christopherson,Gary"
RNR,417,101,RNR 417 101,"Wissler,Craig A"
RNR,417,401,RNR 417 401,"Christopherson,Gary"
RNR,417,401,RNR 417 401,"Wissler,Craig A"
RNR,482,101,RNR 482 101,"Guertin,D Phillip"
RNR,482,401,RNR 482 401,"Guertin,D Phillip"
SBE,195A,401,SBE 195A 401,"Iroz-Elardo,Nicole"
SBE,195B,401,SBE 195B 401,"Iroz-Elardo,Nicole"
SBE,221,101,SBE 221 101,"Zuniga Teran,Adriana Alejandra"
SBE,221,401,SBE 221 401,"Zuniga Teran,Adriana Alejandra"
SBS,200,101,SBS 200 101,"Hafner,Florian"
SBS,200,101A,SBS 200 101A,"Hafner,Florian"
SBS,200,101A,SBS 200 101A,"Johnson,Richard Lee"
SBS,200,103,SBS 200 103,"Mihajlovic,Kristina"
SBS,200,103A,SBS 200 103A,"Mihajlovic,Kristina"
SBS,200,401,SBS 200 401,"Hafner,Florian"
SBS,200,401A,SBS 200 401A,"Hafner,Florian"
SBS,200,401A,SBS 200 401A,"Johnson,Richard Lee"
SBS,200,403,SBS 200 403,"Mihajlovic,Kristina"
SBS,200,403A,SBS 200 403A,"Mihajlovic,Kristina"
SERP,467,101,SERP 467 101,"Johnson,Cheryl R"
SERP,467,401,SERP 467 401,"Johnson,Cheryl R"
SERP,502,101,SERP 502 101,"Gann,Candace Joy"
SERP,502,401,SERP 502 401,"Gann,Candace Joy"
SERP,509,101,SERP 509 101,"Gratz,Loren W"
SERP,509,401,SERP 509 401,"Gratz,Loren W"
SERP,515,101,SERP 515 101,"Macfarland,Stephanie Z"
SERP,515,401,SERP 515 401,"Macfarland,Stephanie Z"
SERP,529A,101,SERP 529A 101,"Gardner,Andrew W"
SERP,529A,401,SERP 529A 401,"Gardner,Andrew W"
SERP,529B,101,SERP 529B 101,"Hartzell,Rebecca Ione"
SERP,529B,401,SERP 529B 401,"Hartzell,Rebecca Ione"
SERP,538,101,SERP 538 101,"Rivera,Maria Christina"
SERP,538,401,SERP 538 401,"Rivera,Maria Christina"
SERP,552,101,SERP 552 101,"Hartzell,Rebecca Ione"
SERP,552,401,SERP 552 401,"Hartzell,Rebecca Ione"
SERP,564,101,SERP 564 101,"Macfarland,Stephanie Z"
SERP,564,401,SERP 564 401,"Macfarland,Stephanie Z"
SERP,567,101,SERP 567 101,"Johnson,Cheryl R"
SERP,567,401,SERP 567 401,"Johnson,Cheryl R"
SGPP,384,101,SGPP 384 101,"Hammer,Leonard M"
SGPP,384,401,SGPP 384 401,"Hammer,Leonard M"
SIE,503,101,SIE 503 101,"Do,Michael Duc"
SIE,503,401,SIE 503 401,"Do,Michael Duc"
SIE,508,410,SIE 508 410,"Lepore,Robert G"
SIE,508,410,SIE 508 410,"Mense,Allan Tate"
SIE,533,110,SIE 533 110,"Liu,Jian"
SIE,533,410,SIE 533 410,"Liu,Jian"
SIE,577,101,SIE 577 101,"Subbian,Vignesh"
SIE,577,401,SIE 577 401,"Subbian,Vignesh"
SLAT,620,101,SLAT 620 101,"Tardy,Christine"
SLAT,620,401,SLAT 620 401,"Tardy,Christine"
SOC,101,101,SOC 101 101,"Ashley,Amalia Marie"
SOC,101,402,SOC 101 402,"Ashley,Amalia Marie"
SOC,150C2,101,SOC 150C2 101,"Bergesen,Albert J"
SOC,150C2,401,SOC 150C2 401,"Bergesen,Albert J"
SOC,222,101,SOC 222 101,"Johnstonbaugh,Morgan"
SOC,222,401,SOC 222 401,"Johnstonbaugh,Morgan"
SOC,300,101,SOC 300 101,"Abramson,Corey"
SOC,300,401,SOC 300 401,"Abramson,Corey"
SOC,303,102,SOC 303 102,"Brailsford,Jennifer M"
SOC,303,401,SOC 303 401,"Brailsford,Jennifer M"
SOC,304,101,SOC 304 101,"Jang,Beksahn Allan"
SOC,304,401,SOC 304 401,"Jang,Beksahn Allan"
SOC,313,1,SOC 313 1,"Scovill,Samantha"
SOC,313,401,SOC 313 401,"Scovill,Samantha"
SOC,317,1,SOC 317 1,"Manriquez,Mariana"
SOC,317,401,SOC 317 401,"Manriquez,Mariana"
SOC,349,101,SOC 349 101,"Hemphill,Katie"
SOC,349,401,SOC 349 401,"Hemphill,Katie"
SOC,350,102,SOC 350 102,"Zeng,Liwen"
SOC,350,401,SOC 350 401,"Zeng,Liwen"
SOC,365,101,SOC 365 101,"Martin,Derek C"
SOC,365,401,SOC 365 401,"Martin,Derek C"
SOC,401,102,SOC 401 102,"Brailsford,Jennifer M"
SOC,401,401,SOC 401 401,"Brailsford,Jennifer M"
SOC,414,101,SOC 414 101,"Nardin,Sabrina"
SOC,414,401,SOC 414 401,"Nardin,Sabrina"
SOC,430,101,SOC 430 101,"Zhao,Yi"
SOC,430,401,SOC 430 401,"Zhao,Yi"
SOC,476,102,SOC 476 102,"Andrews,Hannah Reanne"
SOC,476,401,SOC 476 401,"Andrews,Hannah Reanne"
SOC,496,101,SOC 496 101,"Bergesen,Albert J"
SOC,496,401,SOC 496 401,"Bergesen,Albert J"
SPAN,150B1,101,SPAN 150B1 101,"Huizar Hernandez,Anita Elizabeth"
SPAN,150B1,401,SPAN 150B1 401,"Huizar Hernandez,Anita Elizabeth"
SPAN,251,101,SPAN 251 101,-
SPAN,251,401,SPAN 251 401,-
SPAN,325,101,SPAN 325 101,-
SPAN,325,401,SPAN 325 401,-
SPAN,330,101,SPAN 330 101,"Vaknin,Johnathan Joseph"
SPAN,330,401,SPAN 330 401,"Vaknin,Johnathan Joseph"
SPAN,350,101,SPAN 350 101,"Huizar Hernandez,Anita Elizabeth"
SPAN,350,401,SPAN 350 401,"Huizar Hernandez,Anita Elizabeth"
SPAN,425,101,SPAN 425 101,-
SPAN,425,401,SPAN 425 401,-
STAT,564,101,STAT 564 101,-
STAT,564,401,STAT 564 401,-
STAT,564,402,STAT 564 402,-
STAT,571A,101,STAT 571A 101,-
STAT,571A,401,STAT 571A 401,-
